HashTag,Frequency
#차이나타운,6
#차이나타운맛집,5
#인천역,5
#인천맛집,4
#공화춘,3
#인천역맛집,3
#인천맛집추천,2
#인천,2
#짜장빙수,2
#동인천역맛집,2
#만다복,2
#인천차이나타운,2
#인천차이나타운맛집,2
#생일선물,1
#찰떡부부,1
#인천공화춘,1
#인천맛집투어,1
#서울근교,1
#인천여행,1
#길거리음식,1
#길거리먹방,1
#탕후루,1
#공갈빵,1
#화덕만두,1
#홍두빵,1
#양꼬치,1
#동인천역,1
#월미도,1
#월미도맛집,1
#망년회,1
#부개역맛집,1
#부천맛집,1
#신포동맛집,1
#육대장,1
#이화수육개장,1
#직장인의,1
#저녁밥,1
#Repost,1
#카페아키라,1
#개항장거리,1
#모나미카레,1
#버텀라인,1
#송월동동화마을,1
#원피스카페,1
#카페오즈,1
#인천차이나타운맛집추천,1
#인천역맛집추천,1
#과파육맛집,1
#꿔바로우맛집,1
#차이나타운카페,1
#인천카페,1
#인천카페추천,1
#china,1
#chinatown,1
#인천하버파크호텔,1
#금빛,1
#짜장면,1
#삼선짬뽕,1
#강추,1
#good,1
#행복,1
#고마워,1
#신포국제시장,1
#travel,1
#beautiful,1
#dream,1
#happy,1
#love,1
#스냅사진,1
#스냅,1
#스냅촬영,1
#감성사진,1
#카페,1
#직장인,1
#직딩,1
#맞팔,1
#선팔,1
#맞팔선팔,1
#육아맘,1
#직딩맘,1
#워킹맘,1
#육아템,1
#육아맘스타그램,1
#육아일상,1
#육아템추천,1
#교토여행,1
#여행가고싶다,1
#여행에미치다,1
